,Count_S,Count_E,Count_I,Count_R,Infections_Home,Infections_GQ,Infections_Work,Infections_School,Infections_Community
0,1078,5,0,0,0,0,0,0,0
1,1078,5,0,0,0,0,0,0,0
2,1078,5,0,0,0,0,0,0,0
3,1078,5,0,0,0,0,0,0,0
4,1078,5,0,0,0,0,0,0,0
5,1078,5,0,0,0,0,0,0,0
6,1078,5,0,0,0,0,0,0,0
7,1078,5,0,0,0,0,0,0,0
8,1078,5,0,0,0,0,0,0,0
9,1078,5,0,0,0,0,0,0,0
10,1078,5,0,0,0,0,0,0,0
11,1078,5,0,0,0,0,0,0,0
12,1078,5,0,0,0,0,0,0,0
13,1078,5,0,0,0,0,0,0,0
14,1078,5,0,0,0,0,0,0,0
15,1078,5,0,0,0,0,0,0,0
16,1078,5,0,0,0,0,0,0,0
17,1078,5,0,0,0,0,0,0,0
18,1078,5,0,0,0,0,0,0,0
19,1078,5,0,0,0,0,0,0,0
20,1078,5,0,0,0,0,0,0,0
21,1078,5,0,0,0,0,0,0,0
22,1078,5,0,0,0,0,0,0,0
23,1078,5,0,0,0,0,0,0,0
24,1078,5,0,0,0,0,0,0,0
25,1078,5,0,0,0,0,0,0,0
26,1078,5,0,0,0,0,0,0,0
27,1078,5,0,0,0,0,0,0,0
28,1078,5,0,0,0,0,0,0,0
29,1078,5,0,0,0,0,0,0,0
30,1078,5,0,0,0,0,0,0,0
31,1078,5,0,0,0,0,0,0,0
32,1078,5,0,0,0,0,0,0,0
33,1078,4,1,0,0,0,0,0,0
34,1063,19,1,0,0,15,0,0,0
35,1037,45,1,0,0,26,0,0,0
36,1028,54,1,0,0,9,0,0,0
37,1024,58,1,0,0,4,0,0,0
38,1017,65,1,0,0,7,0,0,0
39,1015,67,1,0,0,2,0,0,0
40,1008,74,1,0,0,7,0,0,0
41,1002,80,1,0,0,6,0,0,0
42,999,83,1,0,0,3,0,0,0
43,997,85,1,0,0,2,0,0,0
44,991,91,1,0,0,6,0,0,0
45,990,91,2,0,0,1,0,0,0
46,985,96,2,0,0,5,0,0,0
47,978,102,3,0,0,7,0,0,0
48,967,113,3,0,2,9,0,0,0
49,963,117,3,0,0,4,0,0,0
50,962,118,3,0,0,1,0,0,0
51,961,119,3,0,0,1,0,0,0
52,959,119,5,0,1,1,0,0,0
53,956,122,5,0,0,3,0,0,0
54,954,124,5,0,1,1,0,0,0
55,952,126,5,0,1,1,0,0,0
56,951,127,5,0,1,0,0,0,0
57,951,127,5,0,0,0,0,0,0
58,951,127,5,0,0,0,0,0,0
59,951,125,7,0,0,0,0,0,0
60,951,125,7,0,0,0,0,0,0
61,951,124,8,0,0,0,0,0,0
62,951,124,8,0,0,0,0,0,0
63,951,122,10,0,0,0,0,0,0
64,951,122,10,0,0,0,0,0,0
65,948,122,13,0,3,0,0,0,0
66,948,120,15,0,0,0,0,0,0
67,947,120,16,0,1,0,0,0,0
68,947,117,19,0,0,0,0,0,0
69,947,116,20,0,0,0,0,0,0
70,947,113,23,0,0,0,0,0,0
71,947,109,27,0,0,0,0,0,0
72,947,105,31,0,0,0,0,0,0
73,947,100,36,0,0,0,0,0,0
74,947,97,39,0,0,0,0,0,0
75,947,96,40,0,0,0,0,0,0
76,947,96,40,0,0,0,0,0,0
77,946,95,42,0,1,0,0,0,0
78,946,92,45,0,0,0,0,0,0
79,946,91,46,0,0,0,0,0,0
80,946,89,48,0,0,0,0,0,0
81,946,84,53,0,0,0,0,0,0
82,946,81,56,0,0,0,0,0,0
83,946,77,60,0,0,0,0,0,0
84,946,74,63,0,0,0,0,0,0
85,946,70,67,0,0,0,0,0,0
86,946,67,70,0,0,0,0,0,0
87,946,65,72,0,0,0,0,0,0
88,946,61,76,0,0,0,0,0,0
89,946,57,80,0,0,0,0,0,0
90,946,53,84,0,0,0,0,0,0
91,946,48,89,0,0,0,0,0,0
92,946,46,91,0,0,0,0,0,0
93,946,43,94,0,0,0,0,0,0
94,946,38,99,0,0,0,0,0,0
95,946,37,100,0,0,0,0,0,0
96,946,33,104,0,0,0,0,0,0
97,946,28,109,0,0,0,0,0,0
98,946,27,110,0,0,0,0,0,0
99,946,24,113,0,0,0,0,0,0
100,946,21,116,0,0,0,0,0,0
101,946,20,117,0,0,0,0,0,0
102,946,17,120,0,0,0,0,0,0
103,946,16,121,0,0,0,0,0,0
104,946,14,123,0,0,0,0,0,0
105,946,11,126,0,0,0,0,0,0
106,946,11,126,0,0,0,0,0,0
107,946,11,126,0,0,0,0,0,0
108,946,9,128,0,0,0,0,0,0
109,946,9,128,0,0,0,0,0,0
110,946,8,129,0,0,0,0,0,0
111,946,8,129,0,0,0,0,0,0
112,946,6,131,0,0,0,0,0,0
113,946,5,132,0,0,0,0,0,0
114,945,6,132,0,0,0,0,0,1
115,945,6,132,0,0,0,0,0,0
116,945,5,133,0,0,0,0,0,0
117,945,5,133,0,0,0,0,0,0
118,943,6,134,0,0,0,0,0,2
119,942,7,134,0,0,0,0,0,1
120,942,7,134,0,0,0,0,0,0
121,942,7,134,0,0,0,0,0,0
122,942,7,134,0,0,0,0,0,0
123,942,7,134,0,0,0,0,0,0
124,942,7,134,0,0,0,0,0,0
125,942,7,134,0,0,0,0,0,0
126,942,7,134,0,0,0,0,0,0
127,942,7,134,0,0,0,0,0,0
128,942,6,135,0,0,0,0,0,0
129,942,5,136,0,0,0,0,0,0
130,942,5,136,0,0,0,0,0,0
131,942,5,136,0,0,0,0,0,0
132,942,5,136,0,0,0,0,0,0
133,942,5,136,0,0,0,0,0,0
134,942,4,137,0,0,0,0,0,0
135,940,6,137,0,0,0,0,2,0
136,940,6,137,0,0,0,0,0,0
137,940,6,137,0,0,0,0,0,0
138,940,6,137,0,0,0,0,0,0
139,940,6,137,0,0,0,0,0,0
140,940,6,137,0,0,0,0,0,0
141,940,6,137,0,0,0,0,0,0
142,940,6,137,0,0,0,0,0,0
143,940,6,137,0,0,0,0,0,0
144,940,6,137,0,0,0,0,0,0
145,940,6,137,0,0,0,0,0,0
146,940,6,137,0,0,0,0,0,0
147,940,6,137,0,0,0,0,0,0
148,940,6,137,0,0,0,0,0,0
149,940,6,137,0,0,0,0,0,0
150,940,6,137,0,0,0,0,0,0
151,940,6,137,0,0,0,0,0,0
152,940,6,137,0,0,0,0,0,0
153,940,6,137,0,0,0,0,0,0
154,940,6,137,0,0,0,0,0,0
155,940,5,138,0,0,0,0,0,0
156,940,5,138,0,0,0,0,0,0
157,939,6,138,0,1,0,0,0,0
158,939,6,138,0,0,0,0,0,0
159,938,7,138,0,0,0,0,1,0
160,938,7,138,0,0,0,0,0,0
161,938,7,138,0,0,0,0,0,0
162,937,8,138,0,0,0,0,0,1
163,937,7,139,0,0,0,0,0,0
164,935,9,139,0,2,0,0,0,0
165,934,10,139,0,0,0,0,0,1
166,930,14,139,0,1,0,0,0,3
167,929,13,141,0,0,0,0,0,1
168,929,13,141,0,0,0,0,0,0
169,928,14,141,0,1,0,0,0,0
170,927,14,142,0,1,0,0,0,0
171,927,14,142,0,0,0,0,0,0
172,927,14,142,0,0,0,0,0,0
173,927,14,142,0,0,0,0,0,0
174,927,14,142,0,0,0,0,0,0
175,927,14,142,0,0,0,0,0,0
176,927,14,142,0,0,0,0,0,0
177,926,15,142,0,1,0,0,0,0
178,926,15,142,0,0,0,0,0,0
179,926,15,142,0,0,0,0,0,0
180,926,15,142,0,0,0,0,0,0
181,926,15,142,0,0,0,0,0,0
182,926,15,142,0,0,0,0,0,0
183,926,15,142,0,0,0,0,0,0
184,926,15,142,0,0,0,0,0,0
185,926,15,142,0,0,0,0,0,0
186,926,15,142,0,0,0,0,0,0
187,926,15,142,0,0,0,0,0,0
188,925,15,143,0,1,0,0,0,0
189,925,15,143,0,0,0,0,0,0
190,923,17,143,0,2,0,0,0,0
191,923,17,142,1,0,0,0,0,0
192,923,17,142,1,0,0,0,0,0
193,922,18,141,2,1,0,0,0,0
194,922,18,141,2,0,0,0,0,0
195,922,17,142,2,0,0,0,0,0
196,922,17,141,3,0,0,0,0,0
197,922,17,140,4,0,0,0,0,0
198,921,18,139,5,1,0,0,0,0
199,921,18,139,5,0,0,0,0,0
200,921,18,139,5,0,0,0,0,0
201,921,18,139,5,0,0,0,0,0
202,921,18,138,6,0,0,0,0,0
203,921,18,137,7,0,0,0,0,0
204,921,18,137,7,0,0,0,0,0
205,921,16,138,8,0,0,0,0,0
206,921,14,139,9,0,0,0,0,0
207,921,13,140,9,0,0,0,0,0
208,919,15,140,9,1,0,0,1,0
209,916,18,139,10,1,0,0,0,2
210,912,22,137,12,1,0,0,0,3
211,905,27,139,12,2,0,0,0,5
212,901,31,137,14,1,0,0,0,3
213,900,32,137,14,0,0,0,0,1
214,897,34,138,14,1,0,0,0,2
215,896,35,137,15,0,0,0,0,1
216,894,37,136,16,1,0,0,0,1
217,894,37,135,17,0,0,0,0,0
218,894,37,135,17,0,0,0,0,0
219,893,37,133,20,1,0,0,0,0
220,892,37,134,20,1,0,0,0,0
221,892,37,131,23,0,0,0,0,0
222,892,37,131,23,0,0,0,0,0
223,891,38,131,23,1,0,0,0,0
224,890,39,131,23,1,0,0,0,0
225,890,38,129,26,0,0,0,0,0
226,890,38,128,27,0,0,0,0,0
227,890,38,125,30,0,0,0,0,0
228,889,39,125,30,0,0,0,1,0
229,889,37,127,30,0,0,0,0,0
230,889,37,125,32,0,0,0,0,0
231,889,37,124,33,0,0,0,0,0
232,889,37,122,35,0,0,0,0,0
233,885,40,120,38,2,0,0,0,2
234,883,41,121,38,0,0,0,0,2
235,880,44,119,40,1,0,0,0,2
236,876,46,119,42,1,0,0,0,3
237,876,46,118,43,0,0,0,0,0
238,876,45,118,44,0,0,0,0,0
239,874,46,118,45,0,0,0,0,2
240,873,46,119,45,1,0,0,0,0
241,871,48,118,46,2,0,0,0,0
242,871,48,117,47,0,0,0,0,0
243,871,48,115,49,0,0,0,0,0
244,870,49,115,49,1,0,0,0,0
245,869,49,116,49,1,0,0,0,0
246,869,49,115,50,0,0,0,0,0
247,869,49,114,51,0,0,0,0,0
248,868,49,113,53,1,0,0,0,0
249,868,48,111,56,0,0,0,0,0
250,868,48,111,56,0,0,0,0,0
251,868,48,107,60,0,0,0,0,0
252,868,48,104,63,0,0,0,0,0
253,868,46,103,66,0,0,0,0,0
254,868,46,100,69,0,0,0,0,0
255,868,46,97,72,0,0,0,0,0
256,867,46,96,74,0,0,0,1,0
257,866,44,98,75,1,0,0,0,0
258,866,43,97,77,0,0,0,0,0
259,866,43,95,79,0,0,0,0,0
260,866,43,92,82,0,0,0,0,0
261,865,41,95,82,1,0,0,0,0
262,863,43,94,83,1,0,0,0,1
263,863,43,93,84,0,0,0,0,0
264,861,43,94,85,0,0,0,0,2
265,860,44,92,87,1,0,0,0,0
266,859,44,88,92,1,0,0,0,0
267,859,43,87,94,0,0,0,0,0
268,855,45,86,97,4,0,0,0,0
269,855,42,85,101,0,0,0,0,0
270,854,43,84,102,1,0,0,0,0
271,854,41,85,103,0,0,0,0,0
272,851,42,83,107,3,0,0,0,0
273,851,41,84,107,0,0,0,0,0
274,850,41,82,110,0,0,1,0,0
275,850,38,81,114,0,0,0,0,0
276,850,38,78,117,0,0,0,0,0
277,849,39,78,117,0,0,1,0,0
278,849,36,80,118,0,0,0,0,0
279,848,36,81,118,1,0,0,0,0
280,846,38,79,120,0,0,1,1,0
281,841,41,78,123,4,0,0,0,1
282,836,46,77,124,3,0,0,0,2
283,830,50,78,125,5,0,0,0,1
284,828,50,78,127,2,0,0,0,0
285,827,50,78,128,1,0,0,0,0
286,824,53,77,129,2,0,0,0,1
287,822,55,77,129,1,0,0,0,1
288,815,62,77,129,3,0,0,0,4
289,814,62,78,129,1,0,0,0,0
290,814,62,78,129,0,0,0,0,0
291,814,62,77,130,0,0,0,0,0
292,814,61,78,130,0,0,0,0,0
293,814,60,78,131,0,0,0,0,0
294,813,58,80,132,1,0,0,0,0
295,812,58,81,132,1,0,0,0,0
296,809,60,82,132,3,0,0,0,0
297,808,61,82,132,0,0,0,1,0
298,807,62,82,132,0,0,0,1,0
299,806,61,84,132,0,0,0,1,0
300,806,61,84,132,0,0,0,0,0
301,805,61,84,133,0,0,0,1,0
302,805,61,84,133,0,0,0,0,0
303,804,61,84,134,0,0,0,1,0
304,804,59,86,134,0,0,0,0,0
305,802,59,87,135,1,0,0,0,1
306,798,63,87,135,1,0,0,0,3
307,794,66,88,135,2,0,0,0,2
308,793,65,90,135,0,0,0,0,1
309,791,67,90,135,1,0,0,0,1
310,789,68,90,136,1,0,0,0,1
311,787,70,90,136,0,0,0,0,2
312,786,70,91,136,1,0,0,0,0
313,785,70,92,136,1,0,0,0,0
314,784,70,92,137,1,0,0,0,0
315,784,69,93,137,0,0,0,0,0
316,783,69,94,137,1,0,0,0,0
317,783,68,94,138,0,0,0,0,0
318,782,68,94,139,1,0,0,0,0
319,781,68,95,139,1,0,0,0,0
320,781,67,96,139,0,0,0,0,0
321,780,64,100,139,0,0,1,0,0
322,778,64,102,139,0,0,1,1,0
323,778,63,103,139,0,0,0,0,0
324,777,64,103,139,0,0,1,0,0
325,777,63,104,139,0,0,0,0,0
326,777,61,106,139,0,0,0,0,0
327,776,59,109,139,0,0,0,1,0
328,776,58,110,139,0,0,0,0,0
329,775,58,111,139,0,0,0,0,1
330,772,60,112,139,2,0,0,0,1
331,770,61,113,139,2,0,0,0,0
332,768,62,114,139,2,0,0,0,0
333,766,64,114,139,1,0,0,0,1
334,765,63,116,139,0,0,0,0,1
335,760,68,115,140,3,0,0,0,2
336,759,67,116,141,0,0,0,0,1
337,758,66,118,141,1,0,0,0,0
338,755,66,121,141,3,0,0,0,0
339,755,64,123,141,0,0,0,0,0
340,754,61,127,141,1,0,0,0,0
341,754,60,128,141,0,0,0,0,0
342,750,61,131,141,4,0,0,0,0
343,750,60,131,142,0,0,0,0,0
344,748,61,132,142,2,0,0,0,0
345,748,61,132,142,0,0,0,0,0
346,746,63,132,142,0,0,2,0,0
347,745,61,135,142,0,0,0,1,0
348,745,60,136,142,0,0,0,0,0
349,744,57,140,142,0,0,1,0,0
350,743,58,140,142,0,0,0,1,0
351,743,55,143,142,0,0,0,0,0
352,742,55,144,142,0,0,0,1,0
353,737,58,146,142,0,0,0,0,5
354,729,64,148,142,3,0,0,0,5
355,727,66,148,142,1,0,0,0,1
356,723,69,148,143,2,0,0,0,2
357,720,72,148,143,1,0,0,0,2
358,718,72,150,143,1,0,0,0,1
359,717,71,151,144,1,0,0,0,0
360,715,72,152,144,1,0,0,0,1
361,711,75,153,144,4,0,0,0,0
362,711,75,153,144,0,0,0,0,0
363,709,76,154,144,2,0,0,0,0
364,708,74,157,144,1,0,0,0,0
365,708,73,157,145,0,0,0,0,0
366,707,73,158,145,1,0,0,0,0
367,704,75,159,145,3,0,0,0,0
368,704,75,158,146,0,0,0,0,0
369,704,75,156,148,0,0,0,0,0
370,704,74,157,148,0,0,0,0,0
371,704,73,157,149,0,0,0,0,0
372,704,70,160,149,0,0,0,0,0
373,703,70,159,151,0,0,0,1,0
374,703,68,161,151,0,0,0,0,0
375,703,66,163,151,0,0,0,0,0
376,702,64,166,151,1,0,0,0,0
377,699,64,169,151,0,0,0,0,3
378,695,66,171,151,3,0,0,0,1
379,694,67,171,151,0,0,0,0,1
380,690,71,170,152,1,0,0,0,3
381,689,72,170,152,0,0,0,0,1
382,688,72,171,152,0,0,0,0,1
383,686,72,173,152,0,0,0,0,2
384,683,73,173,154,1,0,0,0,2
385,683,72,174,154,0,0,0,0,0
386,682,73,173,155,1,0,0,0,0
387,681,73,174,155,1,0,0,0,0
388,680,72,176,155,1,0,0,0,0
389,680,72,176,155,0,0,0,0,0
390,680,71,177,155,0,0,0,0,0
391,680,70,177,156,0,0,0,0,0
392,679,70,178,156,1,0,0,0,0
393,679,66,182,156,0,0,0,0,0
394,679,65,183,156,0,0,0,0,0
395,679,64,183,157,0,0,0,0,0
396,678,63,185,157,0,0,0,1,0
397,678,61,187,157,0,0,0,0,0
398,678,53,195,157,0,0,0,0,0
399,678,51,197,157,0,0,0,0,0
400,678,49,199,157,0,0,0,0,0
401,674,52,199,158,2,0,0,0,2
402,671,54,200,158,1,0,0,0,2
403,664,59,202,158,4,0,0,0,3
404,664,58,203,158,0,0,0,0,0
405,663,56,206,158,0,0,0,0,1
406,657,60,207,159,5,0,0,0,1
407,657,58,208,160,0,0,0,0,0
408,656,57,209,161,0,0,0,0,1
409,655,55,211,162,1,0,0,0,0
410,653,55,212,163,2,0,0,0,0
411,652,56,212,163,1,0,0,0,0
412,649,56,214,164,3,0,0,0,0
413,648,57,214,164,1,0,0,0,0
414,647,56,216,164,1,0,0,0,0
415,644,58,217,164,3,0,0,0,0
416,644,58,217,164,0,0,0,0,0
417,644,58,216,165,0,0,0,0,0
418,644,56,217,166,0,0,0,0,0
419,644,55,215,169,0,0,0,0,0
420,644,55,215,169,0,0,0,0,0
421,644,54,216,169,0,0,0,0,0
422,644,54,214,171,0,0,0,0,0
423,644,54,213,172,0,0,0,0,0
424,644,53,212,174,0,0,0,0,0
425,643,54,212,174,0,0,0,0,1
426,641,53,215,174,1,0,0,0,1
427,641,52,216,174,0,0,0,0,0
428,639,54,216,174,1,0,0,0,1
429,639,52,217,175,0,0,0,0,0
430,637,52,219,175,1,0,0,0,1
431,636,52,220,175,0,0,0,0,1
432,635,52,220,176,0,0,0,0,1
433,635,52,220,176,0,0,0,0,0
434,634,51,221,177,1,0,0,0,0
435,634,50,221,178,0,0,0,0,0
436,633,49,222,179,1,0,0,0,0
437,632,50,220,181,1,0,0,0,0
438,629,52,218,184,3,0,0,0,0
439,629,52,217,185,0,0,0,0,0
440,627,52,219,185,2,0,0,0,0
441,627,52,218,186,0,0,0,0,0
442,627,51,217,188,0,0,0,0,0
443,626,48,219,190,1,0,0,0,0
444,626,47,219,191,0,0,0,0,0
445,625,46,219,193,1,0,0,0,0
446,625,44,219,195,0,0,0,0,0
447,625,44,216,198,0,0,0,0,0
448,624,44,217,198,1,0,0,0,0
449,621,45,219,198,1,0,0,0,2
450,618,46,219,200,0,0,0,0,3
451,617,46,219,201,1,0,0,0,0
452,615,47,220,201,1,0,0,0,1
453,614,45,221,203,0,0,0,0,1
454,613,46,220,204,0,0,0,0,1
455,613,45,220,205,0,0,0,0,0
456,613,44,220,206,0,0,0,0,0
457,613,44,220,206,0,0,0,0,0
458,613,44,220,206,0,0,0,0,0
459,613,39,223,208,0,0,0,0,0
460,613,37,225,208,0,0,0,0,0
461,613,36,225,209,0,0,0,0,0
462,613,35,224,211,0,0,0,0,0
463,613,35,224,211,0,0,0,0,0
464,613,32,226,212,0,0,0,0,0
465,613,32,226,212,0,0,0,0,0
466,613,30,227,213,0,0,0,0,0
467,613,30,226,214,0,0,0,0,0
468,612,30,225,216,0,0,0,1,0
469,612,29,226,216,0,0,0,0,0
470,612,29,226,216,0,0,0,0,0
471,612,29,226,216,0,0,0,0,0
472,612,29,224,218,0,0,0,0,0
473,610,31,224,218,1,0,0,0,1
474,608,32,223,220,0,0,0,0,2
475,607,33,223,220,0,0,0,0,1
476,606,33,224,220,0,0,0,0,1
477,605,33,222,223,1,0,0,0,0
478,603,33,223,224,0,0,0,0,2
479,600,36,222,225,1,0,0,0,2
480,600,36,221,226,0,0,0,0,0
481,600,34,222,227,0,0,0,0,0
482,600,34,221,228,0,0,0,0,0
483,600,32,222,229,0,0,0,0,0
484,600,32,222,229,0,0,0,0,0
485,600,32,218,233,0,0,0,0,0
486,600,31,219,233,0,0,0,0,0
487,600,31,218,234,0,0,0,0,0
488,599,32,218,234,1,0,0,0,0
489,599,30,220,234,0,0,0,0,0
490,598,31,220,234,1,0,0,0,0
491,597,32,220,234,1,0,0,0,0
492,597,32,220,234,0,0,0,0,0
493,597,32,218,236,0,0,0,0,0
494,596,31,220,236,1,0,0,0,0
495,596,30,220,237,0,0,0,0,0
496,595,30,221,237,1,0,0,0,0
497,593,32,220,238,0,0,0,0,2
498,592,32,219,240,1,0,0,0,0
499,592,30,220,241,0,0,0,0,0
500,592,29,218,244,0,0,0,0,0
501,592,29,218,244,0,0,0,0,0
502,592,27,217,247,0,0,0,0,0
503,592,26,217,248,0,0,0,0,0
504,590,27,217,249,1,0,0,0,1
505,590,27,216,250,0,0,0,0,0
506,590,27,212,254,0,0,0,0,0
507,590,27,211,255,0,0,0,0,0
508,589,25,214,255,1,0,0,0,0
509,588,22,218,255,1,0,0,0,0
510,588,22,215,258,0,0,0,0,0
511,588,21,215,259,0,0,0,0,0
512,588,21,212,262,0,0,0,0,0
513,588,19,214,262,0,0,0,0,0
514,588,18,212,265,0,0,0,0,0
515,588,16,213,266,0,0,0,0,0
516,587,17,212,267,0,0,0,1,0
517,587,17,211,268,0,0,0,0,0
518,587,17,210,269,0,0,0,0,0
519,586,18,209,270,1,0,0,0,0
520,586,18,206,273,0,0,0,0,0
521,585,16,208,274,1,0,0,0,0
522,580,21,204,278,1,0,0,0,4
523,578,23,203,279,1,0,0,0,1
524,575,25,203,280,1,0,0,0,2
525,573,27,202,281,1,0,0,0,1
526,571,29,200,283,2,0,0,0,0
527,570,30,199,284,1,0,0,0,0
528,570,30,199,284,0,0,0,0,0
529,569,31,197,286,1,0,0,0,0
530,569,30,197,287,0,0,0,0,0
531,569,29,196,289,0,0,0,0,0
532,569,29,195,290,0,0,0,0,0
533,569,29,194,291,0,0,0,0,0
534,569,29,193,292,0,0,0,0,0
535,568,30,193,292,1,0,0,0,0
536,568,29,194,292,0,0,0,0,0
537,568,28,192,295,0,0,0,0,0
538,568,28,192,295,0,0,0,0,0
539,568,28,191,296,0,0,0,0,0
540,567,28,192,296,1,0,0,0,0
541,567,28,189,299,0,0,0,0,0
542,567,27,186,303,0,0,0,0,0
543,567,27,185,304,0,0,0,0,0
544,567,27,184,305,0,0,0,0,0
545,563,29,185,306,1,0,0,0,3
546,562,30,183,308,0,0,0,0,1
547,561,30,181,311,0,0,0,0,1
548,561,29,182,311,0,0,0,0,0
549,561,29,178,315,0,0,0,0,0
550,561,29,178,315,0,0,0,0,0
551,561,29,175,318,0,0,0,0,0
552,561,29,174,319,0,0,0,0,0
553,561,29,174,319,0,0,0,0,0
554,560,30,173,320,1,0,0,0,0
555,560,30,172,321,0,0,0,0,0
556,560,30,168,325,0,0,0,0,0
557,560,30,166,327,0,0,0,0,0
558,560,30,164,329,0,0,0,0,0
559,560,29,165,329,0,0,0,0,0
560,560,28,166,329,0,0,0,0,0
561,560,27,163,333,0,0,0,0,0
562,560,27,161,335,0,0,0,0,0
563,560,26,158,339,0,0,0,0,0
564,560,25,156,342,0,0,0,0,0
565,560,23,157,343,0,0,0,0,0
566,560,23,156,344,0,0,0,0,0
567,559,24,154,346,1,0,0,0,0
568,559,23,151,350,0,0,0,0,0
569,559,23,147,354,0,0,0,0,0
570,557,25,144,357,0,0,0,0,2
571,556,25,143,359,1,0,0,0,0
572,556,24,143,360,0,0,0,0,0
573,555,24,144,360,0,0,0,0,1
574,555,23,143,362,0,0,0,0,0
575,555,21,145,362,0,0,0,0,0
576,553,23,143,364,1,0,0,0,1
577,553,22,144,364,0,0,0,0,0
578,553,22,144,364,0,0,0,0,0
579,553,21,143,366,0,0,0,0,0
580,553,21,139,370,0,0,0,0,0
581,553,19,139,372,0,0,0,0,0
582,552,19,139,373,1,0,0,0,0
583,552,18,140,373,0,0,0,0,0
584,552,17,139,375,0,0,0,0,0
585,551,18,136,378,1,0,0,0,0
586,551,17,135,380,0,0,0,0,0
587,551,16,135,381,0,0,0,0,0
588,551,15,135,382,0,0,0,0,0
589,551,15,135,382,0,0,0,0,0
590,551,14,136,382,0,0,0,0,0
591,551,12,136,384,0,0,0,0,0
592,551,12,136,384,0,0,0,0,0
593,550,13,136,384,0,0,0,0,1
594,550,13,136,384,0,0,0,0,0
595,549,14,136,384,0,0,0,0,1
596,549,14,135,385,0,0,0,0,0
597,549,13,136,385,0,0,0,0,0
598,548,14,135,386,1,0,0,0,0
599,547,15,133,388,0,0,0,0,1
600,547,15,130,391,0,0,0,0,0
601,546,16,129,392,1,0,0,0,0
602,546,15,127,395,0,0,0,0,0
603,545,16,124,398,1,0,0,0,0
604,545,15,122,401,0,0,0,0,0
605,545,14,122,402,0,0,0,0,0
606,545,14,122,402,0,0,0,0,0
607,544,15,118,406,1,0,0,0,0
608,543,16,118,406,1,0,0,0,0
609,543,16,116,408,0,0,0,0,0
610,543,16,115,409,0,0,0,0,0
611,543,15,114,411,0,0,0,0,0
612,543,15,113,412,0,0,0,0,0
613,543,15,113,412,0,0,0,0,0
614,543,14,113,413,0,0,0,0,0
615,543,13,113,414,0,0,0,0,0
616,543,13,112,415,0,0,0,0,0
617,543,13,111,416,0,0,0,0,0
618,542,14,110,417,1,0,0,0,0
619,542,13,110,418,0,0,0,0,0
620,542,13,107,421,0,0,0,0,0
621,541,14,106,422,1,0,0,0,0
622,540,15,105,423,0,0,0,0,1
623,539,16,105,423,1,0,0,0,0
624,539,15,105,424,0,0,0,0,0
625,539,14,106,424,0,0,0,0,0
626,539,13,107,424,0,0,0,0,0
627,539,13,106,425,0,0,0,0,0
628,537,15,106,425,2,0,0,0,0
629,537,15,106,425,0,0,0,0,0
630,537,15,102,429,0,0,0,0,0
631,537,15,102,429,0,0,0,0,0
632,537,14,102,430,0,0,0,0,0
633,537,14,101,431,0,0,0,0,0
634,537,14,100,432,0,0,0,0,0
635,537,14,99,433,0,0,0,0,0
636,537,14,99,433,0,0,0,0,0
637,537,14,99,433,0,0,0,0,0
638,537,13,99,434,0,0,0,0,0
639,537,12,100,434,0,0,0,0,0
640,537,11,101,434,0,0,0,0,0
641,537,11,100,435,0,0,0,0,0
642,537,11,100,435,0,0,0,0,0
643,537,10,101,435,0,0,0,0,0
644,536,11,101,435,1,0,0,0,0
645,535,12,99,437,1,0,0,0,0
646,535,12,98,438,0,0,0,0,0
647,535,12,97,439,0,0,0,0,0
648,535,12,97,439,0,0,0,0,0
649,535,10,99,439,0,0,0,0,0
650,535,9,100,439,0,0,0,0,0
651,535,9,98,441,0,0,0,0,0
652,535,9,98,441,0,0,0,0,0
653,535,9,97,442,0,0,0,0,0
654,535,8,96,444,0,0,0,0,0
655,535,8,95,445,0,0,0,0,0
656,535,8,95,445,0,0,0,0,0
657,535,8,95,445,0,0,0,0,0
658,535,8,95,445,0,0,0,0,0
659,535,8,94,446,0,0,0,0,0
660,535,8,91,449,0,0,0,0,0
661,535,8,91,449,0,0,0,0,0
662,535,8,88,452,0,0,0,0,0
663,535,7,89,452,0,0,0,0,0
664,535,6,88,454,0,0,0,0,0
665,534,7,87,455,0,0,0,0,1
666,534,7,86,456,0,0,0,0,0
667,534,7,86,456,0,0,0,0,0
668,534,6,86,457,0,0,0,0,0
669,533,7,86,457,0,0,0,0,1
670,533,7,85,458,0,0,0,0,0
671,533,7,83,460,0,0,0,0,0
672,533,7,83,460,0,0,0,0,0
673,533,6,83,461,0,0,0,0,0
674,533,6,80,464,0,0,0,0,0
675,533,5,81,464,0,0,0,0,0
676,533,5,81,464,0,0,0,0,0
677,532,6,77,468,1,0,0,0,0
678,532,5,77,469,0,0,0,0,0
679,532,5,75,471,0,0,0,0,0
680,532,5,75,471,0,0,0,0,0
681,532,5,75,471,0,0,0,0,0
682,532,5,74,472,0,0,0,0,0
683,532,5,73,473,0,0,0,0,0
684,532,5,73,473,0,0,0,0,0
685,532,5,72,474,0,0,0,0,0
686,531,6,71,475,1,0,0,0,0
687,531,6,71,475,0,0,0,0,0
688,531,5,70,477,0,0,0,0,0
689,531,5,70,477,0,0,0,0,0
690,531,5,70,477,0,0,0,0,0
691,530,6,69,478,0,0,0,0,1
692,530,6,69,478,0,0,0,0,0
693,530,6,68,479,0,0,0,0,0
694,530,6,68,479,0,0,0,0,0
695,529,7,68,479,0,0,0,0,1
696,529,7,68,479,0,0,0,0,0
697,529,7,67,480,0,0,0,0,0
698,529,7,67,480,0,0,0,0,0
699,529,7,67,480,0,0,0,0,0
700,529,7,67,480,0,0,0,0,0
701,529,7,66,481,0,0,0,0,0
702,529,7,66,481,0,0,0,0,0
703,529,7,65,482,0,0,0,0,0
704,529,7,64,483,0,0,0,0,0
705,529,6,64,484,0,0,0,0,0
706,529,5,65,484,0,0,0,0,0
707,529,5,64,485,0,0,0,0,0
708,529,5,64,485,0,0,0,0,0
709,529,5,62,487,0,0,0,0,0
710,529,5,61,488,0,0,0,0,0
711,529,5,60,489,0,0,0,0,0
712,529,5,60,489,0,0,0,0,0
713,529,5,60,489,0,0,0,0,0
714,529,5,60,489,0,0,0,0,0
715,529,5,60,489,0,0,0,0,0
716,529,5,60,489,0,0,0,0,0
717,529,5,58,491,0,0,0,0,0
718,529,5,58,491,0,0,0,0,0
719,529,5,58,491,0,0,0,0,0
720,529,5,57,492,0,0,0,0,0
721,529,5,56,493,0,0,0,0,0
722,529,5,55,494,0,0,0,0,0
723,529,5,54,495,0,0,0,0,0
724,529,5,54,495,0,0,0,0,0
725,529,5,53,496,0,0,0,0,0
726,529,4,54,496,0,0,0,0,0
727,529,4,54,496,0,0,0,0,0
728,529,4,53,497,0,0,0,0,0
729,529,4,53,497,0,0,0,0,0
730,529,3,54,497,0,0,0,0,0
731,529,3,54,497,0,0,0,0,0
732,529,3,54,497,0,0,0,0,0
733,529,2,54,498,0,0,0,0,0
734,529,2,53,499,0,0,0,0,0
735,529,2,53,499,0,0,0,0,0
736,529,2,53,499,0,0,0,0,0
737,528,3,53,499,0,0,0,0,1
738,528,2,54,499,0,0,0,0,0
739,527,3,54,499,0,0,0,0,1
740,527,3,51,502,0,0,0,0,0
741,525,5,51,502,1,0,0,0,1
742,525,5,51,502,0,0,0,0,0
743,523,7,50,503,2,0,0,0,0
744,523,6,51,503,0,0,0,0,0
745,523,6,51,503,0,0,0,0,0
746,523,6,49,505,0,0,0,0,0
747,523,6,49,505,0,0,0,0,0
748,523,6,49,505,0,0,0,0,0
749,523,6,48,506,0,0,0,0,0
750,523,6,48,506,0,0,0,0,0
751,523,6,48,506,0,0,0,0,0
752,523,6,48,506,0,0,0,0,0
753,523,6,48,506,0,0,0,0,0
754,523,6,47,507,0,0,0,0,0
755,523,6,47,507,0,0,0,0,0
756,523,6,47,507,0,0,0,0,0
757,523,6,45,509,0,0,0,0,0
758,523,6,45,509,0,0,0,0,0
759,523,6,44,510,0,0,0,0,0
760,523,6,44,510,0,0,0,0,0
761,523,6,43,511,0,0,0,0,0
762,522,7,42,512,0,0,0,0,1
763,522,7,41,513,0,0,0,0,0
764,522,7,39,515,0,0,0,0,0
765,522,6,40,515,0,0,0,0,0
766,522,6,40,515,0,0,0,0,0
767,522,6,40,515,0,0,0,0,0
768,522,6,40,515,0,0,0,0,0
769,522,6,40,515,0,0,0,0,0
770,522,6,40,515,0,0,0,0,0
771,522,5,40,516,0,0,0,0,0
772,522,5,40,516,0,0,0,0,0
773,522,5,39,517,0,0,0,0,0
774,522,5,38,518,0,0,0,0,0
775,522,5,38,518,0,0,0,0,0
776,522,5,35,521,0,0,0,0,0
777,522,4,36,521,0,0,0,0,0
778,522,4,35,522,0,0,0,0,0
779,522,4,35,522,0,0,0,0,0
780,522,3,36,522,0,0,0,0,0
781,522,3,35,523,0,0,0,0,0
782,522,3,35,523,0,0,0,0,0
783,522,3,33,525,0,0,0,0,0
784,522,3,33,525,0,0,0,0,0
785,522,3,32,526,0,0,0,0,0
786,522,3,32,526,0,0,0,0,0
787,522,3,32,526,0,0,0,0,0
788,522,3,32,526,0,0,0,0,0
789,522,3,32,526,0,0,0,0,0
790,522,3,32,526,0,0,0,0,0
791,522,2,33,526,0,0,0,0,0
792,522,2,33,526,0,0,0,0,0
793,522,2,33,526,0,0,0,0,0
794,522,2,33,526,0,0,0,0,0
795,522,2,33,526,0,0,0,0,0
796,522,2,33,526,0,0,0,0,0
797,522,2,32,527,0,0,0,0,0
798,522,2,32,527,0,0,0,0,0
799,522,1,33,527,0,0,0,0,0
800,521,2,33,527,1,0,0,0,0
801,520,3,33,527,1,0,0,0,0
802,520,3,33,527,0,0,0,0,0
803,520,3,33,527,0,0,0,0,0
804,520,3,31,529,0,0,0,0,0
805,520,3,30,530,0,0,0,0,0
806,520,3,30,530,0,0,0,0,0
807,520,3,29,531,0,0,0,0,0
808,520,3,28,532,0,0,0,0,0
809,520,3,28,532,0,0,0,0,0
810,520,3,26,534,0,0,0,0,0
811,520,3,26,534,0,0,0,0,0
812,520,3,26,534,0,0,0,0,0
813,520,3,26,534,0,0,0,0,0
814,520,3,25,535,0,0,0,0,0
815,520,3,23,537,0,0,0,0,0
816,520,3,23,537,0,0,0,0,0
817,520,3,21,539,0,0,0,0,0
818,520,3,21,539,0,0,0,0,0
819,520,3,21,539,0,0,0,0,0
820,520,3,21,539,0,0,0,0,0
821,520,3,21,539,0,0,0,0,0
822,520,3,21,539,0,0,0,0,0
823,520,2,22,539,0,0,0,0,0
824,520,1,23,539,0,0,0,0,0
825,520,1,23,539,0,0,0,0,0
826,520,1,23,539,0,0,0,0,0
827,520,1,23,539,0,0,0,0,0
828,520,1,22,540,0,0,0,0,0
829,520,1,21,541,0,0,0,0,0
830,520,1,21,541,0,0,0,0,0
831,520,1,21,541,0,0,0,0,0
832,520,1,21,541,0,0,0,0,0
833,519,2,20,542,0,0,0,0,1
834,519,2,20,542,0,0,0,0,0
835,519,2,20,542,0,0,0,0,0
836,518,3,20,542,0,0,0,0,1
837,518,3,19,543,0,0,0,0,0
838,518,3,19,543,0,0,0,0,0
839,518,3,19,543,0,0,0,0,0
840,518,3,19,543,0,0,0,0,0
841,518,3,19,543,0,0,0,0,0
842,518,3,19,543,0,0,0,0,0
843,518,3,19,543,0,0,0,0,0
844,518,3,19,543,0,0,0,0,0
845,518,3,19,543,0,0,0,0,0
846,518,3,19,543,0,0,0,0,0
847,518,2,20,543,0,0,0,0,0
848,518,2,20,543,0,0,0,0,0
849,518,2,20,543,0,0,0,0,0
850,518,2,20,543,0,0,0,0,0
851,518,2,20,543,0,0,0,0,0
852,518,2,20,543,0,0,0,0,0
853,518,2,20,543,0,0,0,0,0
854,518,2,20,543,0,0,0,0,0
855,518,2,20,543,0,0,0,0,0
856,518,2,20,543,0,0,0,0,0
857,518,2,20,543,0,0,0,0,0
858,518,2,20,543,0,0,0,0,0
859,518,2,19,544,0,0,0,0,0
860,518,2,19,544,0,0,0,0,0
861,518,2,19,544,0,0,0,0,0
862,518,2,19,544,0,0,0,0,0
863,518,2,19,544,0,0,0,0,0
864,518,2,18,545,0,0,0,0,0
865,518,2,18,545,0,0,0,0,0
866,518,2,18,545,0,0,0,0,0
867,518,2,18,545,0,0,0,0,0
868,518,2,18,545,0,0,0,0,0
869,518,2,17,546,0,0,0,0,0
870,518,2,16,547,0,0,0,0,0
871,518,2,16,547,0,0,0,0,0
872,518,2,16,547,0,0,0,0,0
873,518,2,16,547,0,0,0,0,0
874,518,2,16,547,0,0,0,0,0
875,518,2,16,547,0,0,0,0,0
876,518,2,16,547,0,0,0,0,0
877,518,2,16,547,0,0,0,0,0
878,518,2,16,547,0,0,0,0,0
879,518,2,16,547,0,0,0,0,0
880,518,2,16,547,0,0,0,0,0
881,518,2,16,547,0,0,0,0,0
882,518,2,16,547,0,0,0,0,0
883,518,2,16,547,0,0,0,0,0
884,518,2,16,547,0,0,0,0,0
885,518,2,16,547,0,0,0,0,0
886,518,2,16,547,0,0,0,0,0
887,518,2,16,547,0,0,0,0,0
888,518,2,16,547,0,0,0,0,0
889,518,2,16,547,0,0,0,0,0
890,518,2,16,547,0,0,0,0,0
891,518,1,16,548,0,0,0,0,0
892,518,0,17,548,0,0,0,0,0
893,518,0,17,548,0,0,0,0,0
894,517,1,17,548,1,0,0,0,0
895,517,1,17,548,0,0,0,0,0
896,517,1,17,548,0,0,0,0,0
897,517,1,17,548,0,0,0,0,0
898,517,1,17,548,0,0,0,0,0
899,517,1,17,548,0,0,0,0,0
900,517,1,17,548,0,0,0,0,0
901,517,1,17,548,0,0,0,0,0
902,517,1,17,548,0,0,0,0,0
903,517,1,17,548,0,0,0,0,0
904,517,1,17,548,0,0,0,0,0
905,517,1,17,548,0,0,0,0,0
906,517,1,17,548,0,0,0,0,0
907,517,1,17,548,0,0,0,0,0
908,517,1,17,548,0,0,0,0,0
909,517,1,17,548,0,0,0,0,0
910,517,1,16,549,0,0,0,0,0
911,517,1,16,549,0,0,0,0,0
912,517,1,16,549,0,0,0,0,0
913,517,1,16,549,0,0,0,0,0
914,517,1,15,550,0,0,0,0,0
915,517,1,14,551,0,0,0,0,0
916,517,1,13,552,0,0,0,0,0
917,517,1,13,552,0,0,0,0,0
918,517,1,13,552,0,0,0,0,0
919,517,1,13,552,0,0,0,0,0
920,517,1,13,552,0,0,0,0,0
921,517,1,13,552,0,0,0,0,0
922,517,1,13,552,0,0,0,0,0
923,517,1,13,552,0,0,0,0,0
924,517,1,13,552,0,0,0,0,0
925,517,1,12,553,0,0,0,0,0
926,517,1,12,553,0,0,0,0,0
927,517,1,12,553,0,0,0,0,0
928,517,1,11,554,0,0,0,0,0
929,517,1,11,554,0,0,0,0,0
930,517,1,11,554,0,0,0,0,0
931,517,1,11,554,0,0,0,0,0
932,517,1,11,554,0,0,0,0,0
933,517,1,11,554,0,0,0,0,0
934,517,1,11,554,0,0,0,0,0
935,517,1,10,555,0,0,0,0,0
936,517,1,10,555,0,0,0,0,0
937,517,1,10,555,0,0,0,0,0
938,517,1,9,556,0,0,0,0,0
939,517,1,9,556,0,0,0,0,0
940,517,1,9,556,0,0,0,0,0
941,517,1,9,556,0,0,0,0,0
942,517,1,9,556,0,0,0,0,0
943,517,1,9,556,0,0,0,0,0
944,517,1,9,556,0,0,0,0,0
945,517,1,9,556,0,0,0,0,0
946,517,1,9,556,0,0,0,0,0
947,517,1,9,556,0,0,0,0,0
948,517,1,9,556,0,0,0,0,0
949,517,1,9,556,0,0,0,0,0
950,517,1,9,556,0,0,0,0,0
951,517,1,9,556,0,0,0,0,0
952,517,1,9,556,0,0,0,0,0
953,517,1,9,556,0,0,0,0,0
954,517,1,9,556,0,0,0,0,0
955,516,2,9,556,0,0,0,0,1
956,516,2,9,556,0,0,0,0,0
957,516,2,9,556,0,0,0,0,0
958,516,1,10,556,0,0,0,0,0
959,516,1,10,556,0,0,0,0,0
960,516,1,10,556,0,0,0,0,0
961,516,1,10,556,0,0,0,0,0
962,516,1,10,556,0,0,0,0,0
963,516,1,10,556,0,0,0,0,0
964,516,1,10,556,0,0,0,0,0
965,516,1,10,556,0,0,0,0,0
966,516,1,10,556,0,0,0,0,0
967,516,1,9,557,0,0,0,0,0
968,516,1,9,557,0,0,0,0,0
969,516,1,9,557,0,0,0,0,0
970,516,1,9,557,0,0,0,0,0
971,516,1,9,557,0,0,0,0,0
972,516,1,9,557,0,0,0,0,0
973,516,1,9,557,0,0,0,0,0
974,516,1,9,557,0,0,0,0,0
975,516,1,9,557,0,0,0,0,0
976,516,1,9,557,0,0,0,0,0
977,516,1,9,557,0,0,0,0,0
978,516,1,8,558,0,0,0,0,0
979,516,1,8,558,0,0,0,0,0
980,516,1,8,558,0,0,0,0,0
981,516,1,8,558,0,0,0,0,0
982,516,1,8,558,0,0,0,0,0
983,516,1,8,558,0,0,0,0,0
984,516,1,8,558,0,0,0,0,0
985,516,1,8,558,0,0,0,0,0
986,516,1,8,558,0,0,0,0,0
987,516,1,7,559,0,0,0,0,0
988,516,1,7,559,0,0,0,0,0
989,516,1,7,559,0,0,0,0,0
990,516,1,7,559,0,0,0,0,0
991,516,1,6,560,0,0,0,0,0
992,516,0,7,560,0,0,0,0,0
993,516,0,7,560,0,0,0,0,0
994,516,0,7,560,0,0,0,0,0
995,516,0,7,560,0,0,0,0,0
996,516,0,7,560,0,0,0,0,0
997,516,0,7,560,0,0,0,0,0
998,516,0,7,560,0,0,0,0,0
999,516,0,7,560,0,0,0,0,0
1000,516,0,7,560,0,0,0,0,0
1001,516,0,7,560,0,0,0,0,0
1002,516,0,7,560,0,0,0,0,0
1003,516,0,7,560,0,0,0,0,0
1004,516,0,7,560,0,0,0,0,0
1005,516,0,7,560,0,0,0,0,0
1006,516,0,7,560,0,0,0,0,0
1007,516,0,7,560,0,0,0,0,0
1008,516,0,7,560,0,0,0,0,0
1009,516,0,7,560,0,0,0,0,0
1010,516,0,7,560,0,0,0,0,0
1011,516,0,7,560,0,0,0,0,0
1012,516,0,7,560,0,0,0,0,0
1013,516,0,7,560,0,0,0,0,0
1014,516,0,7,560,0,0,0,0,0
1015,516,0,7,560,0,0,0,0,0
1016,516,0,7,560,0,0,0,0,0
1017,516,0,7,560,0,0,0,0,0
1018,516,0,7,560,0,0,0,0,0
1019,516,0,7,560,0,0,0,0,0
1020,516,0,7,560,0,0,0,0,0
1021,516,0,7,560,0,0,0,0,0
1022,516,0,7,560,0,0,0,0,0
1023,516,0,7,560,0,0,0,0,0
1024,516,0,7,560,0,0,0,0,0
1025,516,0,7,560,0,0,0,0,0
1026,516,0,7,560,0,0,0,0,0
1027,516,0,7,560,0,0,0,0,0
1028,516,0,7,560,0,0,0,0,0
1029,516,0,7,560,0,0,0,0,0
1030,516,0,6,561,0,0,0,0,0
1031,516,0,6,561,0,0,0,0,0
1032,516,0,6,561,0,0,0,0,0
1033,516,0,6,561,0,0,0,0,0
1034,516,0,6,561,0,0,0,0,0
1035,516,0,6,561,0,0,0,0,0
1036,516,0,4,563,0,0,0,0,0
1037,516,0,4,563,0,0,0,0,0
1038,516,0,4,563,0,0,0,0,0
1039,516,0,4,563,0,0,0,0,0
1040,516,0,4,563,0,0,0,0,0
1041,516,0,4,563,0,0,0,0,0
1042,516,0,4,563,0,0,0,0,0
1043,516,0,4,563,0,0,0,0,0
1044,516,0,4,563,0,0,0,0,0
1045,516,0,4,563,0,0,0,0,0
1046,516,0,4,563,0,0,0,0,0
1047,516,0,4,563,0,0,0,0,0
1048,516,0,4,563,0,0,0,0,0
1049,516,0,4,563,0,0,0,0,0
1050,516,0,4,563,0,0,0,0,0
1051,516,0,4,563,0,0,0,0,0
1052,516,0,4,563,0,0,0,0,0
1053,516,0,4,563,0,0,0,0,0
1054,516,0,4,563,0,0,0,0,0
1055,516,0,4,563,0,0,0,0,0
1056,516,0,4,563,0,0,0,0,0
1057,516,0,4,563,0,0,0,0,0
1058,516,0,4,563,0,0,0,0,0
1059,516,0,3,564,0,0,0,0,0
1060,516,0,3,564,0,0,0,0,0
1061,516,0,3,564,0,0,0,0,0
1062,516,0,3,564,0,0,0,0,0
1063,516,0,3,564,0,0,0,0,0
1064,516,0,3,564,0,0,0,0,0
1065,516,0,3,564,0,0,0,0,0
1066,516,0,3,564,0,0,0,0,0
1067,516,0,3,564,0,0,0,0,0
1068,516,0,3,564,0,0,0,0,0
1069,516,0,3,564,0,0,0,0,0
1070,516,0,3,564,0,0,0,0,0
1071,516,0,3,564,0,0,0,0,0
1072,516,0,3,564,0,0,0,0,0
1073,516,0,3,564,0,0,0,0,0
1074,516,0,3,564,0,0,0,0,0
1075,516,0,3,564,0,0,0,0,0
1076,516,0,3,564,0,0,0,0,0
1077,516,0,3,564,0,0,0,0,0
1078,516,0,3,564,0,0,0,0,0
1079,516,0,3,564,0,0,0,0,0
1080,516,0,2,565,0,0,0,0,0
1081,516,0,2,565,0,0,0,0,0
1082,516,0,2,565,0,0,0,0,0
1083,516,0,2,565,0,0,0,0,0
1084,516,0,2,565,0,0,0,0,0
1085,516,0,2,565,0,0,0,0,0
1086,516,0,2,565,0,0,0,0,0
1087,516,0,2,565,0,0,0,0,0
1088,516,0,2,565,0,0,0,0,0
1089,516,0,2,565,0,0,0,0,0
1090,516,0,2,565,0,0,0,0,0
1091,516,0,2,565,0,0,0,0,0
1092,516,0,2,565,0,0,0,0,0
1093,516,0,2,565,0,0,0,0,0
1094,516,0,2,565,0,0,0,0,0
1095,516,0,2,565,0,0,0,0,0
1096,516,0,2,565,0,0,0,0,0
1097,516,0,2,565,0,0,0,0,0
1098,516,0,2,565,0,0,0,0,0
1099,516,0,2,565,0,0,0,0,0
1100,516,0,2,565,0,0,0,0,0
1101,516,0,2,565,0,0,0,0,0
1102,516,0,2,565,0,0,0,0,0
1103,516,0,2,565,0,0,0,0,0
1104,516,0,2,565,0,0,0,0,0
1105,516,0,2,565,0,0,0,0,0
1106,516,0,2,565,0,0,0,0,0
1107,516,0,2,565,0,0,0,0,0
1108,516,0,2,565,0,0,0,0,0
1109,516,0,2,565,0,0,0,0,0
1110,516,0,2,565,0,0,0,0,0
1111,516,0,2,565,0,0,0,0,0
1112,516,0,2,565,0,0,0,0,0
1113,516,0,2,565,0,0,0,0,0
1114,516,0,2,565,0,0,0,0,0
1115,516,0,2,565,0,0,0,0,0
1116,516,0,2,565,0,0,0,0,0
1117,516,0,2,565,0,0,0,0,0
1118,516,0,2,565,0,0,0,0,0
1119,516,0,2,565,0,0,0,0,0
1120,516,0,2,565,0,0,0,0,0
1121,516,0,2,565,0,0,0,0,0
1122,516,0,2,565,0,0,0,0,0
1123,516,0,2,565,0,0,0,0,0
1124,516,0,2,565,0,0,0,0,0
1125,516,0,2,565,0,0,0,0,0
1126,516,0,2,565,0,0,0,0,0
1127,516,0,2,565,0,0,0,0,0
1128,516,0,2,565,0,0,0,0,0
1129,516,0,2,565,0,0,0,0,0
1130,516,0,2,565,0,0,0,0,0
1131,516,0,2,565,0,0,0,0,0
1132,516,0,2,565,0,0,0,0,0
1133,516,0,2,565,0,0,0,0,0
1134,516,0,2,565,0,0,0,0,0
1135,516,0,2,565,0,0,0,0,0
1136,516,0,2,565,0,0,0,0,0
1137,516,0,1,566,0,0,0,0,0
1138,516,0,1,566,0,0,0,0,0
1139,516,0,1,566,0,0,0,0,0
1140,516,0,0,567,0,0,0,0,0
1141,516,0,0,567,0,0,0,0,0
1142,516,0,0,567,0,0,0,0,0
1143,516,0,0,567,0,0,0,0,0
1144,516,0,0,567,0,0,0,0,0
1145,516,0,0,567,0,0,0,0,0
1146,516,0,0,567,0,0,0,0,0
1147,516,0,0,567,0,0,0,0,0
1148,516,0,0,567,0,0,0,0,0
1149,516,0,0,567,0,0,0,0,0
1150,516,0,0,567,0,0,0,0,0
1151,516,0,0,567,0,0,0,0,0
1152,516,0,0,567,0,0,0,0,0
1153,516,0,0,567,0,0,0,0,0
1154,516,0,0,567,0,0,0,0,0
1155,516,0,0,567,0,0,0,0,0
1156,516,0,0,567,0,0,0,0,0
1157,516,0,0,567,0,0,0,0,0
1158,516,0,0,567,0,0,0,0,0
1159,516,0,0,567,0,0,0,0,0
1160,516,0,0,567,0,0,0,0,0
1161,516,0,0,567,0,0,0,0,0
1162,516,0,0,567,0,0,0,0,0
1163,516,0,0,567,0,0,0,0,0
1164,516,0,0,567,0,0,0,0,0
1165,516,0,0,567,0,0,0,0,0
1166,516,0,0,567,0,0,0,0,0
1167,516,0,0,567,0,0,0,0,0
1168,516,0,0,567,0,0,0,0,0
1169,516,0,0,567,0,0,0,0,0
1170,516,0,0,567,0,0,0,0,0
1171,516,0,0,567,0,0,0,0,0
1172,516,0,0,567,0,0,0,0,0
1173,516,0,0,567,0,0,0,0,0
1174,516,0,0,567,0,0,0,0,0
1175,516,0,0,567,0,0,0,0,0
1176,516,0,0,567,0,0,0,0,0
1177,516,0,0,567,0,0,0,0,0
1178,516,0,0,567,0,0,0,0,0
1179,516,0,0,567,0,0,0,0,0
1180,516,0,0,567,0,0,0,0,0
1181,516,0,0,567,0,0,0,0,0
1182,516,0,0,567,0,0,0,0,0
1183,516,0,0,567,0,0,0,0,0
1184,516,0,0,567,0,0,0,0,0
1185,516,0,0,567,0,0,0,0,0
1186,516,0,0,567,0,0,0,0,0
1187,516,0,0,567,0,0,0,0,0
1188,516,0,0,567,0,0,0,0,0
1189,516,0,0,567,0,0,0,0,0
1190,516,0,0,567,0,0,0,0,0
1191,516,0,0,567,0,0,0,0,0
1192,516,0,0,567,0,0,0,0,0
1193,516,0,0,567,0,0,0,0,0
1194,516,0,0,567,0,0,0,0,0
1195,516,0,0,567,0,0,0,0,0
1196,516,0,0,567,0,0,0,0,0
1197,516,0,0,567,0,0,0,0,0
1198,516,0,0,567,0,0,0,0,0
1199,516,0,0,567,0,0,0,0,0
1200,516,0,0,567,0,0,0,0,0
1201,516,0,0,567,0,0,0,0,0
1202,516,0,0,567,0,0,0,0,0
1203,516,0,0,567,0,0,0,0,0
1204,516,0,0,567,0,0,0,0,0
1205,516,0,0,567,0,0,0,0,0
1206,516,0,0,567,0,0,0,0,0
1207,516,0,0,567,0,0,0,0,0
1208,516,0,0,567,0,0,0,0,0
1209,516,0,0,567,0,0,0,0,0
1210,516,0,0,567,0,0,0,0,0
1211,516,0,0,567,0,0,0,0,0
1212,516,0,0,567,0,0,0,0,0
1213,516,0,0,567,0,0,0,0,0
1214,516,0,0,567,0,0,0,0,0
1215,516,0,0,567,0,0,0,0,0
1216,516,0,0,567,0,0,0,0,0
1217,516,0,0,567,0,0,0,0,0
1218,516,0,0,567,0,0,0,0,0
1219,516,0,0,567,0,0,0,0,0
1220,516,0,0,567,0,0,0,0,0
1221,516,0,0,567,0,0,0,0,0
1222,516,0,0,567,0,0,0,0,0
1223,516,0,0,567,0,0,0,0,0
1224,516,0,0,567,0,0,0,0,0
1225,516,0,0,567,0,0,0,0,0
1226,516,0,0,567,0,0,0,0,0
1227,516,0,0,567,0,0,0,0,0
1228,516,0,0,567,0,0,0,0,0
1229,516,0,0,567,0,0,0,0,0
1230,516,0,0,567,0,0,0,0,0
1231,516,0,0,567,0,0,0,0,0
1232,516,0,0,567,0,0,0,0,0
1233,516,0,0,567,0,0,0,0,0
1234,516,0,0,567,0,0,0,0,0
1235,516,0,0,567,0,0,0,0,0
1236,516,0,0,567,0,0,0,0,0
1237,516,0,0,567,0,0,0,0,0
1238,516,0,0,567,0,0,0,0,0
1239,516,0,0,567,0,0,0,0,0
1240,516,0,0,567,0,0,0,0,0
1241,516,0,0,567,0,0,0,0,0
1242,516,0,0,567,0,0,0,0,0
1243,516,0,0,567,0,0,0,0,0
1244,516,0,0,567,0,0,0,0,0
1245,516,0,0,567,0,0,0,0,0
1246,516,0,0,567,0,0,0,0,0
1247,516,0,0,567,0,0,0,0,0
1248,516,0,0,567,0,0,0,0,0
1249,516,0,0,567,0,0,0,0,0
1250,516,0,0,567,0,0,0,0,0
1251,516,0,0,567,0,0,0,0,0
1252,516,0,0,567,0,0,0,0,0
1253,516,0,0,567,0,0,0,0,0
1254,516,0,0,567,0,0,0,0,0
1255,516,0,0,567,0,0,0,0,0
1256,516,0,0,567,0,0,0,0,0
1257,516,0,0,567,0,0,0,0,0
1258,516,0,0,567,0,0,0,0,0
1259,516,0,0,567,0,0,0,0,0
1260,516,0,0,567,0,0,0,0,0
1261,516,0,0,567,0,0,0,0,0
1262,516,0,0,567,0,0,0,0,0
1263,516,0,0,567,0,0,0,0,0
1264,516,0,0,567,0,0,0,0,0
1265,516,0,0,567,0,0,0,0,0
1266,516,0,0,567,0,0,0,0,0
1267,516,0,0,567,0,0,0,0,0
1268,516,0,0,567,0,0,0,0,0
1269,516,0,0,567,0,0,0,0,0
1270,516,0,0,567,0,0,0,0,0
1271,516,0,0,567,0,0,0,0,0
1272,516,0,0,567,0,0,0,0,0
1273,516,0,0,567,0,0,0,0,0
1274,516,0,0,567,0,0,0,0,0
1275,516,0,0,567,0,0,0,0,0
1276,516,0,0,567,0,0,0,0,0
1277,516,0,0,567,0,0,0,0,0
1278,516,0,0,567,0,0,0,0,0
1279,516,0,0,567,0,0,0,0,0
1280,516,0,0,567,0,0,0,0,0
1281,516,0,0,567,0,0,0,0,0
1282,516,0,0,567,0,0,0,0,0
1283,516,0,0,567,0,0,0,0,0
1284,516,0,0,567,0,0,0,0,0
1285,516,0,0,567,0,0,0,0,0
1286,516,0,0,567,0,0,0,0,0
1287,516,0,0,567,0,0,0,0,0
1288,516,0,0,567,0,0,0,0,0
1289,516,0,0,567,0,0,0,0,0
1290,516,0,0,567,0,0,0,0,0
1291,516,0,0,567,0,0,0,0,0
1292,516,0,0,567,0,0,0,0,0
1293,516,0,0,567,0,0,0,0,0
1294,516,0,0,567,0,0,0,0,0
1295,516,0,0,567,0,0,0,0,0
1296,516,0,0,567,0,0,0,0,0
1297,516,0,0,567,0,0,0,0,0
1298,516,0,0,567,0,0,0,0,0
1299,516,0,0,567,0,0,0,0,0
1300,516,0,0,567,0,0,0,0,0
1301,516,0,0,567,0,0,0,0,0
1302,516,0,0,567,0,0,0,0,0
1303,516,0,0,567,0,0,0,0,0
1304,516,0,0,567,0,0,0,0,0
1305,516,0,0,567,0,0,0,0,0
1306,516,0,0,567,0,0,0,0,0
1307,516,0,0,567,0,0,0,0,0
1308,516,0,0,567,0,0,0,0,0
1309,516,0,0,567,0,0,0,0,0
1310,516,0,0,567,0,0,0,0,0
1311,516,0,0,567,0,0,0,0,0
1312,516,0,0,567,0,0,0,0,0
1313,516,0,0,567,0,0,0,0,0
1314,516,0,0,567,0,0,0,0,0
1315,516,0,0,567,0,0,0,0,0
1316,516,0,0,567,0,0,0,0,0
1317,516,0,0,567,0,0,0,0,0
1318,516,0,0,567,0,0,0,0,0
1319,516,0,0,567,0,0,0,0,0
1320,516,0,0,567,0,0,0,0,0
1321,516,0,0,567,0,0,0,0,0
1322,516,0,0,567,0,0,0,0,0
1323,516,0,0,567,0,0,0,0,0
1324,516,0,0,567,0,0,0,0,0
1325,516,0,0,567,0,0,0,0,0
1326,516,0,0,567,0,0,0,0,0
1327,516,0,0,567,0,0,0,0,0
1328,516,0,0,567,0,0,0,0,0
1329,516,0,0,567,0,0,0,0,0
1330,516,0,0,567,0,0,0,0,0
1331,516,0,0,567,0,0,0,0,0
1332,516,0,0,567,0,0,0,0,0
1333,516,0,0,567,0,0,0,0,0
1334,516,0,0,567,0,0,0,0,0
1335,516,0,0,567,0,0,0,0,0
1336,516,0,0,567,0,0,0,0,0
1337,516,0,0,567,0,0,0,0,0
1338,516,0,0,567,0,0,0,0,0
1339,516,0,0,567,0,0,0,0,0
1340,516,0,0,567,0,0,0,0,0
1341,516,0,0,567,0,0,0,0,0
1342,516,0,0,567,0,0,0,0,0
1343,516,0,0,567,0,0,0,0,0
1344,516,0,0,567,0,0,0,0,0
1345,516,0,0,567,0,0,0,0,0
1346,516,0,0,567,0,0,0,0,0
1347,516,0,0,567,0,0,0,0,0
1348,516,0,0,567,0,0,0,0,0
1349,516,0,0,567,0,0,0,0,0
1350,516,0,0,567,0,0,0,0,0
1351,516,0,0,567,0,0,0,0,0
1352,516,0,0,567,0,0,0,0,0
1353,516,0,0,567,0,0,0,0,0
1354,516,0,0,567,0,0,0,0,0
1355,516,0,0,567,0,0,0,0,0
1356,516,0,0,567,0,0,0,0,0
1357,516,0,0,567,0,0,0,0,0
1358,516,0,0,567,0,0,0,0,0
1359,516,0,0,567,0,0,0,0,0
1360,516,0,0,567,0,0,0,0,0
1361,516,0,0,567,0,0,0,0,0
1362,516,0,0,567,0,0,0,0,0
1363,516,0,0,567,0,0,0,0,0
1364,516,0,0,567,0,0,0,0,0
1365,516,0,0,567,0,0,0,0,0
1366,516,0,0,567,0,0,0,0,0
1367,516,0,0,567,0,0,0,0,0
1368,516,0,0,567,0,0,0,0,0
1369,516,0,0,567,0,0,0,0,0
1370,516,0,0,567,0,0,0,0,0
1371,516,0,0,567,0,0,0,0,0
1372,516,0,0,567,0,0,0,0,0
1373,516,0,0,567,0,0,0,0,0
1374,516,0,0,567,0,0,0,0,0
1375,516,0,0,567,0,0,0,0,0
1376,516,0,0,567,0,0,0,0,0
1377,516,0,0,567,0,0,0,0,0
1378,516,0,0,567,0,0,0,0,0
1379,516,0,0,567,0,0,0,0,0
1380,516,0,0,567,0,0,0,0,0
1381,516,0,0,567,0,0,0,0,0
1382,516,0,0,567,0,0,0,0,0
1383,516,0,0,567,0,0,0,0,0
1384,516,0,0,567,0,0,0,0,0
1385,516,0,0,567,0,0,0,0,0
1386,516,0,0,567,0,0,0,0,0
1387,516,0,0,567,0,0,0,0,0
1388,516,0,0,567,0,0,0,0,0
1389,516,0,0,567,0,0,0,0,0
1390,516,0,0,567,0,0,0,0,0
1391,516,0,0,567,0,0,0,0,0
1392,516,0,0,567,0,0,0,0,0
1393,516,0,0,567,0,0,0,0,0
1394,516,0,0,567,0,0,0,0,0
1395,516,0,0,567,0,0,0,0,0
1396,516,0,0,567,0,0,0,0,0
1397,516,0,0,567,0,0,0,0,0
1398,516,0,0,567,0,0,0,0,0
1399,516,0,0,567,0,0,0,0,0
1400,516,0,0,567,0,0,0,0,0
1401,516,0,0,567,0,0,0,0,0
1402,516,0,0,567,0,0,0,0,0
1403,516,0,0,567,0,0,0,0,0
1404,516,0,0,567,0,0,0,0,0
1405,516,0,0,567,0,0,0,0,0
1406,516,0,0,567,0,0,0,0,0
1407,516,0,0,567,0,0,0,0,0
1408,516,0,0,567,0,0,0,0,0
1409,516,0,0,567,0,0,0,0,0
1410,516,0,0,567,0,0,0,0,0
1411,516,0,0,567,0,0,0,0,0
1412,516,0,0,567,0,0,0,0,0
1413,516,0,0,567,0,0,0,0,0
1414,516,0,0,567,0,0,0,0,0
1415,516,0,0,567,0,0,0,0,0
1416,516,0,0,567,0,0,0,0,0
1417,516,0,0,567,0,0,0,0,0
1418,516,0,0,567,0,0,0,0,0
1419,516,0,0,567,0,0,0,0,0
1420,516,0,0,567,0,0,0,0,0
1421,516,0,0,567,0,0,0,0,0
1422,516,0,0,567,0,0,0,0,0
1423,516,0,0,567,0,0,0,0,0
1424,516,0,0,567,0,0,0,0,0
1425,516,0,0,567,0,0,0,0,0
1426,516,0,0,567,0,0,0,0,0
1427,516,0,0,567,0,0,0,0,0
1428,516,0,0,567,0,0,0,0,0
1429,516,0,0,567,0,0,0,0,0
1430,516,0,0,567,0,0,0,0,0
1431,516,0,0,567,0,0,0,0,0
1432,516,0,0,567,0,0,0,0,0
1433,516,0,0,567,0,0,0,0,0
1434,516,0,0,567,0,0,0,0,0
1435,516,0,0,567,0,0,0,0,0
1436,516,0,0,567,0,0,0,0,0
1437,516,0,0,567,0,0,0,0,0
1438,516,0,0,567,0,0,0,0,0
1439,516,0,0,567,0,0,0,0,0
1440,516,0,0,567,0,0,0,0,0
